{
 "process": "DarkSoulsRemastered.exe",
 "delay": 1000,
 "db": {
  "host": "192.168.0.101",
  "user": "game",
  "password": "game",
  "database": "game_data",
  "table": "ds1_paths"
 },
 "variables": [
  { "name":"pos_x", "type":"float", "module":"DarkSoulsRemastered.exe", "offsets":["0x01AA8658", "0x28", "0x10"] },
  { "name":"pos_y", "type":"float", "module":"DarkSoulsRemastered.exe", "offsets":["0x01AA8658", "0x28", "0x10"] },
  { "name":"pos_z", "type":"float", "module":"DarkSoulsRemastered.exe", "offsets":["0x01AA8658", "0x28", "0x18"] }
 ]
}
